zip_code,asian_percentage,median_income
96797,0.6205982685277049,32403
96747,0.6902564102564103,24943
96759,1.0,-666666666
96814,0.6416271524831545,39216
96817,0.6335138216015959,30729
