zip_code,native_percentage,median_income
89832,0.961890243902439,24095
89421,0.655241935483871,18433
89314,0.8626198083067093,23750
89424,0.7703349282296651,18333
89427,0.7882960413080895,21069
