zip_code,black_percentage,median_income
19802,0.7578456153995722,27734
19801,0.7543293219841503,21360
