zip_code,native_percentage,median_income
83540,0.6429170159262364,24256
83203,0.6546762589928058,9808
