zip_code,other_percentage,median_income
98824,0.6402569593147751,17230
98813,0.7344851904090268,23868
