zip_code,asian_percentage,median_income
11355,0.7258201933643671,21882
11354,0.6407123165188883,22191
