zip_code,black_percentage,median_income
40210,0.8509550521905844,16655
40211,0.9122628125554176,17655
