zip_code,other_percentage,median_income
42102,0.6335227272727273,-666666666
42762,0.6973684210526315,-666666666
