zip_code,black_percentage,median_income
20019,0.9456359961772862,25878
20018,0.7505934789981106,36675
20020,0.9111903966817232,25716
20032,0.8644392523364486,25103
