zip_code,native_percentage,median_income
68039,0.933765298776098,15643
68071,0.8675312644742936,20350
68067,0.7147487844408428,21615
