zip_code,native_percentage,median_income
28719,0.7452436799583008,21707
28364,0.6960358403475427,21063
28383,0.6297252876262034,19521
28372,0.7162581008734855,20132
