zip_code,other_percentage,median_income
79240,0.6049382716049383,-666666666
79230,0.6033519553072626,21827
79085,0.6111111111111112,34643
77440,1.0,-666666666
79730,0.6942675159235668,57500
