zip_code,native_percentage,median_income
54150,0.936522539098436,20250
54861,0.8097560975609757,23750
54135,0.8175270108043218,25667
