zip_code,black_percentage,median_income
90746,0.6378578024007386,36587
90008,0.6510990741323928,26842
90305,0.8109958782076852,37365
90043,0.6089638785342141,28058
90056,0.6977382664400575,53670
