zip_code,black_percentage,median_income
2121,0.6579793759740045,21119
2126,0.8440918298446995,28868
