zip_code,native_percentage,median_income
82510,0.9097938144329896,12067
82514,0.9007537688442212,18281
