zip_code,asian_percentage,median_income
8536,0.6243461479863898,72325
8820,0.6851481548809307,59384
7310,0.6029053848494067,91973
